카테고리,공고명,지원대상,소관기관,지원분야(대),지원분야(중),사업수행기관,문의처,신청기간,공고내용,사업신청방법설명
유관사업 공고조회,[대구] 2025년 4차 소상공인 맞춤형 출산ㆍ양육지원 사업 모집 공고,소상공인,대구광역시,인력,고용유지,대구광역시행복진흥사회서비스원,대구광역시행복진흥사회서비스원 여성가족사업팀 출산 소상공인 양육비 지원 053-210-5616 / 무주택 소상공인 육아응원금 지원 053-210-5655,예산 소진시까지,"경기 침체 등으로 어려움을 겪고 있는 대구지역 소상공인의 출산·양육 지원을 통해 저출생 대응 및 안정적인 경영 여건을 조성하기 위해 다음과 같이 「대구행복진흥사회서비스원-사회복지공동모금회(대구지회) 대구 소상공인 맞춤형 출산ㆍ양육 행복플러스」사업의 지원대상을 다음과 같이 모집합니다  ☞ 대구시에 주소와 사업장을 둔 소상공인 - 2024. 1. 1. 이전부터 대구시에 사업자등록증명원 소재지 및 주소지 유지 ※ 상세 사업별 신청자격 공고문 참조  ☞ 출산 소상공인 양육비 250만원, 무주택 소상공인 육아응원금 100만원 지원 ※ 자세한 지원내용 공고문 참조",이메일 접수 - 출산 소상공인 양육비 지원 : syj8017@daegu.pass.or.kr - 무주택 소상공인 육아응원금 지원 : picatcu2@daegu.pass.or.kr ※ 자세한 신청방법 공고문 참조
유관사업 공고조회,[경기] 포천시 2026년 소공인가구지원센터 운영 지원 사업 공고,소상공인,경기도,경영,디자인/상품화/사업화,경기대진테크노파크,경기대진테크노파크 소공인지원팀 (031-539-5153),2026-01-06 ~ 2026-12-31,"(재)경기대진테크노파크는 포천시 소재 가구ㆍ공예 제조 소공인의 안정적인 재기와 성장을 위하여 포천시와 함께 「2026년 포천시 소공인가구지원센터 운영 지원사업」을 공고하오니 많은 참여 바랍니다.  ☞ 포천시 소재 가구제조업 소공인 (상시근로자 수 10인 미만)  ☞ 원목가공장비 및 공동작업장 활용, 촬영 스튜디오 활용, 공동장비활용 임가공 제작, 소공인 사업화 시작품 제작 등 지원","방문 및 이메일, 팩스 접수 - 접수처 : (11165) 경기도 포천시 가산면 포천로912번길 147-2 포천시소공인가구지원센터(2층) - 이메일 : pfsc@gdtp.or.kr - 팩스 : 031-541-5075"
유관사업 공고조회,[부산] 2025년 폐업소상공인 희망두배통장 지원사업(2026년 이월분) 참여자 추가 모집 공고,소상공인,부산광역시,경영,시설/입지지원,부산경제진흥원,"부산경제진흥원 산업인력지원단 051-888-6902, 6904",예산 소진시까지,"부산경제진흥원에서는 2025년 1월 1일 이후 취업한 폐업소상공인에게 「희망두배통장 지원사업(목돈마련)」을 다음과 같이 공고합니다.  ☞ 2025년 1월 1일 이후 취업한 폐업소상공인 누구나 - ‘25.1.1. 기준 만 15세 이상~69세 이하인 자 - 신청일 기준 부산광역시에 주민등록이 되어 있는 자 - 폐업소상공인으로 ‘25.1.1. 이후 취업한 자 - 부산 소재 기업에 정규직 또는 계약직으로 취업한 자  ☞ 폐업소상공인 취업 시 목돈마련 지원 - (선정 후) 월 30만원, 6개월 납입(6개월 납입완료 시 지원금 일괄 지급) - (만기 시) 개인 납입액 180만원+부산시 지원금 180만원",온라인 접수 (부산일자리정보망)
유관사업 공고조회,[충남] 아산시 2025년 4분기분 소상공인 사회보험료 지원사업 공고,소상공인,충청남도,금융,보험(수출+무역),기초자치단체,아산시청 지역경제과 041-530-6041,2026-01-05 ~ 2026-01-23,아산시 영세 소상공인의 경영 부담을 완화하고 근로자의 고용불안 해소를 위하여「소상공인 사회보험료 지원사업」을 다음과 같이 공고합니다.  ☞ 도내 소재 10인 미만 근로자를 고용하고 있는 소상공인 중 정부 두루누리 사회보험료 지원을 받고 있는 사업주 - 2025년 4분기(10~12월) 월 보수액 270만 원 미만 근로자를 1개월 이상 고용 유지한 사업주  ☞ 두루누리 사회보험료 지원금을 제외한 국민ㆍ고용 사업주 부담금 中 2025년 4분기분 납부액(사업주 부담금의 20%) 지원,방문 또는 이메일 접수 - 접수처 : 아산시청 별관 3층 지역경제과 - 이메일 : db2152@korea.kr ※ 자세한 신청방법 공고문 참조
유관사업 공고조회,[충남] 2026년 소상공인자금 융자 지원계획 공고,소상공인,충청남도,금융,융자,충남신용보증재단,충남 신용보증재단 본점 1588-7310 영업점별 문의처 공고문 9p 참조,예산 소진시까지,"「충청남도 중소기업육성기금 설치 및 운용 조례」 제20조 및 같은 조례 시행규칙 제4조의 규정에 따라 2026년도 충청남도 소상공인자금 융자 지원계획을 다음과 같이 공고합니다.  ☞ 충청남도에 사업장이 소재하는 소기업ㆍ소상공인  ☞ 소상공인자금 융자한도 최대 1.5억원 이내, 1.5% 이자보전 지원 ※ 자세한 지원내용 공고문 참조","온라인 및 방문 접수 - 온라인 : 신용보증재단 보증드림 앱(App) 또는 각 은행 앱(App), 충남신용보증재단 - 방문 : 충남신용보증재단 각 영업점(공고문 9p 참조)"
유관사업 공고조회,[대전] 유성구 2026년 소상공인 특례보증 지원사업 공고,소상공인,대전광역시,금융,융자,기초자치단체,"유성구 일자리정책과(042-611-2099), 대전신용보증재단 유성지점(042-380-3807), 하나은행 전 지점(042-863-1111)",예산 소진시까지,"장기화된 경기침체 및 소비심리 위축 등으로 피해가 극심한 소상공인의 경영애로를 해소하고 경영정상화를 도모하고자 추진하는 2026년 유성구 소상공인 특례보증 지원사업을 아래와 같이 공고합니다  ☞ 유성구에 사업장을 두고 3개월 이상 영업중인 일반 소상공인, 개업일 기준 만 3년 미만의 창업기업 ※ 자세한 지원대상 공고문 참조  ☞ 1업체당 최대 3천만원 한도 이내(보증심사를 거쳐 보증금액 확정) 보증(대출) 지원, 보증수수료 2년치 전액 지원(보증금액의 연 1.1%) ※ 자세한 지원내용 공고문 참조",온라인 접수(보증드림 앱 또는 하나은행 앱) ※ 만 70세이상 고령자 대면 접수 가능(대전 내 하나은행 또는 신용보증재단 영업점 방문)
유관사업 공고조회,[부산] 사상구 2026년 소상공인 보증료 지원사업 대상자 모집 공고,소상공인,부산광역시,금융,보증,기초자치단체,사상구청 일자리경제과 051-310-4616,예산 소진시까지,"「부산광역시 사상구 소상공인 지원에 관한 조례」 제6조(창업 및 경영 안정 지원), 제7조(특례보증 또는 보증료 지원)에 따라 「2026년 소상공인 보증료 지원사업」대상자를 다음과 같이 모집하오니 많은 참여 바랍니다.  ☞ 사상구 관내 소상공인(아래 요건을 모두 충족하는 자) -「소상공인기본법」 제2조에 따른 소상공인 - 우리 구에 사업장을 두고「소득세법」제168조 또는「부가가치세법」제8조에 따라 관할 세무서에 사업자 등록을 하고 영업행위를 하는 소상공인  ☞ 신용보증기관을 통한 대출 진행 시 보증료 일부 지원 - 소상공인 1명당 5천만원 이내 / 최초 1년치 보증료 지원",온라인 및 방문 접수 - 온라인 : 구 홈페이지 - 접수처 : 부상광역시 사상구청 일자리경제과
유관사업 공고조회,[경북] 소상공인 비즈니스플랜 콘테스트 보조사업자 모집 공고,사회적기업,경상북도,경영,컨설팅,직접수행,경상북도 민생경제과 소상공인팀 (054-880-2632),2025-12-30 ~ 2026-01-14,"지방자치단체 보조금 관리에 관한 법률 제7조, 경상북도 보조금 관리 조례 제5조의 규정에 의거 「소상공인 비즈니스플랜 콘테스트」 사업에 대한 보조금 지원 대상자 선정을 위해 다음과 같이 공고합니다.  ☞ 지방재정법 제17조 및 같은법 시행령 제29조, 경상북도 보조금 관리 조례에 근거하여 보조할 수 있는 비영리법인, 단체 또는 (예비)사회적기업 - 경상북도에 소재지를 두고 최근 3년 이내 관련 분야의 경험이 있는 비영리법인, 단체 또는 (예비)사회적기업   ☞ 소상공인 비즈니스플랜 콘테스트 계획 수립, 아이디어 공모, 창업기초교육 등 창업아카데미 개설, 콘테스트 개최를 통한 대상자 선정, 직무교육, 홍보, 인테리어 등 사업화자금 전문컨설팅 지원",온라인 접수 (지방보조금관리시스템(보탬e))
유관사업 공고조회,[경북] 2026년 소상공인육성자금(경북버팀금융) 이차보전 지원 계획 공고,소상공인,경상북도,금융,융자,경북신용보증재단,기업지원과 054-880-2679 및 영업점별 문의처 공고문 p.5 참조,상시 접수,"담보력이 부족한 지역 소상공인에게 신용보증을 통한 융자지원 및 대출이자 지원으로 서민경제 안정과 자생력 강화를 도모합니다.   ☞ 경북도내에 소재하고 있는 「소상공인기본법 제2조(정의)」에 의한 소상공인(개인, 법인사업자) - 제조업, 건설업, 운수업, 광업 : 상시종업원 10인 미만 업체 - 도ㆍ소매업, 요식업, 서비스업 등 : 상시종업원 5인 미만 업체  ☞ 융자한도 최대 3천만원 지원 - 우대업체(5천만원 이내), 특별재난지역 내 재해피해 기업(3억원 이내)",방문 및 온라인 접수 - 접수처 : 경북신용보증재단 사업장 소재지 관할 영업점 및 협약 대출은행 - 온라인 : ‘보증드림’스마트폰 어플을 통한 온라인 신청 ※ 자세한 지원방법 공고문 참조
유관사업 공고조회,[강원] 정선군 2026년 소상공인 시설개선사업 시행 공고,소상공인,강원특별자치도,경영,시설/입지지원,정선군상권활성화재단,정선군상권활성화재단 033-563-9973 및 읍ㆍ면 행정복지센터 산업개발팀 문의처 공고문 7p 참조,2026-01-02 ~ 2026-01-23,"「소상공인 기본법」 제3조(정부와 지방자치단체의 책무) 및「정선군 소상공인 지원에 관한 조례」 제8조(시설개선지원) 규정에 의거하여 2026년도 정선군 소상공인 시설개선사업을 다음과 같이 공고합니다.  ☞ 아래 조건을 모두 충족하는 자 - 소상공인의 기준을 충족하는 사업자 - 정선군에 최근 1년 이상 주민등록이 되어 있는 사업자 - 해당 사업을 1년 이상 계속하여 그 자리에서 영업을 영위하고 있는 사업자  ☞ 시설개선, 경관개선 지원 ※ 세부사업별 지원내용 상이 공고문 참조",방문 접수 - 접수처 : 읍ㆍ면 행정복지센터 산업개발팀
유관사업 공고조회,[경북] 2025년 3차 출산육아 소상공인 전기료 지원 모집 공고,중소기업,경상북도,인력,고용유지,경상북도경제진흥원,"경상북도경제진흥원 소상공인지원팀 1800-8730, khw0191@gepa.kr",2025-12-15 ~ 2026-01-09,"경상북도와 KB금융, (재)경상북도경제진흥원에서는 도내 출산 육아 소상공인의 전기료 지원을 통해 친육아환경을 조성하고자 다음과 같이 지원사업을 공고하오니 많은 신청 바랍니다.   ☞ 경북도내 ’17.1.1. 이후 출생한 자녀를 양육 중인 소상공인 - 공고일 기준 6개월 전 사업자등록을 한 소상공인 ※ 자세한 지원대상 공고문 참조  ☞ 2024년 전기요금(일반용, 산업용, 농사용, 교육용 혹은 주택용 중 비거주용)에 대해 지원 한도(50만원)내 지원",온라인 접수 ※ 신청서 다운로드 및 작성 및 서명하여 경상북도 ‘모이소 앱’으로 접수 ※ 자세한 신청방법 공고문 참조
유관사업 공고조회,[충북] 2025년 소상공인 출산지원 시범사업 참여자 모집 공고,소상공인,충청북도,인력,고용환경개선,충청북도기업진흥원,신청시스템(소상공인24) 1644-5302 및 시군지역별 문의처 공고문 P.5 참조,예산 소진시까지,"충북도내 소상공인의 출산 및 육아로 인해 경영에서 일시적으로 이탈하는 경우 대체인력 인건비를 지원함으로써 사업 지속성을 보장하고 일자리 창출 및 지역경제 활성화를 목적으로「2025년 소상공인 출산지원 시범사업」의 참여자를 모집하오니 많은 참여 바랍니다.  ☞ 거주지 및 사업장 주소지가 모두 충북이며, 만 2세 미만의 자녀가 있고, 개업일로부터 6개월 이상의 직전 연도 연매출이 6억원 이하인 소상공인  ☞ 대체인력 인건비 월 최대 2백만원 지원(6개월, 최대 12백만원)",온라인 접수 (소상공인24)
